{
    "accuracy": 0.8239675901725039,
    "f1_weighted": 0.8198741000178683,
    "precision_weighted": 0.8196899244102391,
    "recall_weighted": 0.8239675901725039,
    "classification_report": {
        "Dropout": {
            "precision": 0.885028427037271,
            "recall": 0.8307966001186005,
            "f1-score": 0.8570554649265906,
            "support": 5059.0
        },
        "Enrolled": {
            "precision": 0.6558720249707374,
            "recall": 0.5625836680053548,
            "f1-score": 0.6056566384435237,
            "support": 2988.0
        },
        "Graduate": {
            "precision": 0.8415915915915916,
            "recall": 0.926829268292683,
            "f1-score": 0.8821562069643911,
            "support": 7257.0
        },
        "accuracy": 0.8239675901725039,
        "macro avg": {
            "precision": 0.7941640145332,
            "recall": 0.773403178805546,
            "f1-score": 0.7816227701115018,
            "support": 15304.0
        },
        "weighted avg": {
            "precision": 0.8196899244102391,
            "recall": 0.8239675901725039,
            "f1-score": 0.8198741000178683,
            "support": 15304.0
        }
    }
}