{
    "accuracy": 0.338212232096184,
    "f1_weighted": 0.27309474309724213,
    "precision_weighted": 0.6433139569269022,
    "recall_weighted": 0.338212232096184,
    "classification_report": {
        "Dropout": {
            "precision": 0.8012729844413012,
            "recall": 0.4479146076299664,
            "f1-score": 0.5746164574616457,
            "support": 5059.0
        },
        "Enrolled": {
            "precision": 0.22848352360132781,
            "recall": 0.9444444444444444,
            "f1-score": 0.367950974639807,
            "support": 2988.0
        },
        "Graduate": {
            "precision": 0.704,
            "recall": 0.012126222957144826,
            "f1-score": 0.023841777296125712,
            "support": 7257.0
        },
        "accuracy": 0.338212232096184,
        "macro avg": {
            "precision": 0.5779188360142097,
            "recall": 0.46816175834385193,
            "f1-score": 0.3221364031325262,
            "support": 15304.0
        },
        "weighted avg": {
            "precision": 0.6433139569269022,
            "recall": 0.338212232096184,
            "f1-score": 0.27309474309724213,
            "support": 15304.0
        }
    }
}