{
    "accuracy": 0.826646628332462,
    "f1_weighted": 0.8236575313691705,
    "precision_weighted": 0.8256647351690548,
    "recall_weighted": 0.826646628332462,
    "classification_report": {
        "Dropout": {
            "precision": 0.908262994224789,
            "recall": 0.8082625024708441,
            "f1-score": 0.8553498588013806,
            "support": 5059.0
        },
        "Enrolled": {
            "precision": 0.6501845018450184,
            "recall": 0.5896921017402945,
            "f1-score": 0.6184626184626184,
            "support": 2988.0
        },
        "Graduate": {
            "precision": 0.8403361344537815,
            "recall": 0.9370263194157366,
            "f1-score": 0.8860512085477882,
            "support": 7257.0
        },
        "accuracy": 0.826646628332462,
        "macro avg": {
            "precision": 0.799594543507863,
            "recall": 0.7783269745422917,
            "f1-score": 0.786621228603929,
            "support": 15304.0
        },
        "weighted avg": {
            "precision": 0.8256647351690548,
            "recall": 0.826646628332462,
            "f1-score": 0.8236575313691705,
            "support": 15304.0
        }
    }
}