{
    "accuracy": 0.826646628332462,
    "f1_weighted": 0.8236996232656929,
    "precision_weighted": 0.8240142694132413,
    "recall_weighted": 0.826646628332462,
    "classification_report": {
        "Dropout": {
            "precision": 0.8950974095482765,
            "recall": 0.82644791460763,
            "f1-score": 0.8594039054470709,
            "support": 5059.0
        },
        "Enrolled": {
            "precision": 0.6478454680534919,
            "recall": 0.5836680053547524,
            "f1-score": 0.6140845070422535,
            "support": 2988.0
        },
        "Graduate": {
            "precision": 0.8469965999244428,
            "recall": 0.926829268292683,
            "f1-score": 0.8851164626924596,
            "support": 7257.0
        },
        "accuracy": 0.826646628332462,
        "macro avg": {
            "precision": 0.796646492508737,
            "recall": 0.7789817294183551,
            "f1-score": 0.7862016250605947,
            "support": 15304.0
        },
        "weighted avg": {
            "precision": 0.8240142694132413,
            "recall": 0.826646628332462,
            "f1-score": 0.8236996232656929,
            "support": 15304.0
        }
    }
}